Trabajo;Desc. Actuación;Desc. Estado HIPPO Trabajo;Contador de plazo legal;Número de Reclamaciones
418117090253.1;P.S.: SUR, 0217 MADRID;REPROGRAMADO;618;2
918223100201.4;P.S.: HORMIGUERAS, 177 MADRID;EJECUTADO;198;2
918122100274.4;P.S.: MADRAZO, 10 MADRID;EJECUTADO;188;18
918223110148.2;P.S.: PIROTECNIA, 2 MADRID;EJECUTADO;184;11
918222120081.1;P.S.: DE LA ALBUFERA, 0 MADRID;REPROGRAMAR;165;
918224040264.1;P.S.: SAN ILDEFONSO, 0003 MADRID;REPROGRAMAR;160;3
918224030070.1;P.S.: ASCENSION BIELSA, 15 MADRID;EJECUTADO;146;5
918223110263.1;P.S.: CALAHORRA, 17 MADRID;EJECUTADO;106;6
918224050076.1;P.S.: MOSCARETA, 6 MADRID;EJECUTADO;94;3
918222080062.8;P.S.: PIRITA, 20 MADRID;EJECUTABLE;93;4
918224040025.1;P.S.: MIGUEL DELIBES, 65 MADRID;EJECUTADO;89;
918222070439.1;P.S.: CGDOR DIEGO CABEZA VACA, 3 MADRID;REPROGRAMAR;86;6
918222120032.3;P.F.: EJE CENTRAL, 3 MADRID;EJECUTABLE;80;9
918222120032.1;P.F.: EJE CENTRAL, 3 MADRID;EJECUTADO;80;9
918223030312.1;P.S.: RETAMA, 3 MADRID;REPROGRAMAR;74;2
918224010255.1;P.S.: HACIENDA DE PAVONES, 0 MADRID;REPROGRAMAR;72;
918223030394.1;P.S.: SAN ISIDRO LABRADOR, 20 MADRID;REPROGRAMAR;69;3
918224090160.4;P.S.: AMBROZ, 0026 MADRID;EJECUTADO;66;2
918224080119.1;P.S.: CONVENIO, 23 MADRID;REPROGRAMAR;66;1
918224010410.1;P.S.: FRANCISCO DEL PINO, 1 MADRID;REPROGRAMAR;66;
918224070341.1;P.S.: GRAN VIA DEL SURESTE, 28 MADRID;REPROGRAMAR;65;2
918224010465.1;P.S.: TELLEZ, 2 MADRID;REPROGRAMAR;65;12
918224070026.1;P.S.: CERRO MILANO, 355 MADRID;REPROGRAMAR;64;3
918224080049.1;P.S.: ILUSION, 22 MADRID;REPROGRAMADO;63;1
918224050091.1;P.S.: Polígono: 0 Parcela: 0, MADRID;EJECUTADO;62;2
918224070267.1;P.S.: SUERTES DE LA VILLA, 102 MADRID;REPROGRAMADO;61;1
918224010162.9;P.S.: ALMONTE, 31 MADRID;PROGRAMADO;58;2
918224010162.1;P.S.: ALMONTE, 31 MADRID;EJECUTADO;58;2
918224090417.1;P.S.: EXTREMADURA, 0006 MADRID;REPROGRAMAR;56;1
918224070323.1;P.S.: COMERCIO, 14 MADRID;REPROGRAMAR;56;1
918124070131.1;P.S.: ALAMEDA, 0006 MADRID;REPROGRAMAR;56;10
918224010165.9;P.S.: UZP0103 ENSANCHE VALLECAS, 277 MADRID;PROGRAMADO;56;3
918224010165.1;P.S.: UZP0103 ENSANCHE VALLECAS, 277 MADRID;REPROGRAMADO;56;3
918224010163.9;P.S.: CORRAL DE ALMAGUER, 19 MADRID;PROGRAMADO;56;2
918224010163.1;P.S.: CORRAL DE ALMAGUER, 19 MADRID;EJECUTADO;56;2
918123050338.1;P.S.: ALFONSO XIII, 0130 MADRID;PROGRAMADO;56;12
918223120121.1;P.S.: ANTONIO LOPEZ, 244 MADRID;REPROGRAMADO;54;31
918224020247.1;P.S.: UZP0103 ENSANCHE VALLECAS, 2129 MADRID;REPROGRAMADO;51;9
918223120100.1;P.S.: MOSCARETA, 6 MADRID;EJECUTADO;49;2
918224080071.1;P.S.: GRAN VIA DEL SURESTE, 39 MADRID;REPROGRAMAR;48;2
918224070163.4;P.S.: ARTE POP, 15 MADRID;PROGRAMADO;48;1
918224070163.9;P.S.: ARTE POP, 15 MADRID;PROGRAMADO;48;1
918224040226.1;P.S.: NARCISO SERRA, 0013 MADRID;REPROGRAMAR;47;3
918223070311.1;P.S.: ALCALDE ANDRES MADRID DAV, 126 MADRID;EJECUTADO;47;6
918224100021.1;P.S.: ALTO DE LA SARTENILLA, 40 MADRID;REPROGRAMAR;44;1
918224100125.1;P.S.: CERRO MILANO, 439 MADRID;REPROGRAMAR;43;4
918224030194.5;P.S.: . MERCAMADRID CTM HOTEL, 0004 MADRID;EJECUTABLE;42;
918224030194.2;P.S.: . MERCAMADRID CTM HOTEL, 0004 MADRID;EJECUTABLE;42;
918224010166.9;P.S.: PRINCESA DE KAPURTALA, 14 MADRID;PROGRAMADO;37;1
918224010166.1;P.S.: PRINCESA DE KAPURTALA, 14 MADRID;REPROGRAMADO;37;1
918223050409.1;P.S.: GARGANTA DE LOS MONTES, 1 MADRID;REPROGRAMAR;37;10
918224090117.4;P.S.: BARQUILLO, 0040 MADRID;EJECUTADO;36;8
918224060086.1;P.S.: CAZORLA, 79 MADRID;REPROGRAMAR;35;
918224020185.1;P.S.: SIERRA CARBONERA, 39 MADRID;EJECUTADO;34;6
918224090171.1;P.S.: ROSARIO, 0 MADRID;REPROGRAMADO;32;
918224090141.1;P.S.: EUGENIO ZUBIA, 11 MADRID;REPROGRAMAR;32;
918224070138.1;P.S.: HUMILDAD, 11 MADRID;REPROGRAMAR;32;22
918224050188.1;P.S.: ALBUFERA, 9 MADRID;PROGRAMADO;32;7
918221010429.9;P.S.: SAN DIEGO, 89 MADRID;PROGRAMADO;32;1
918221010429.1;P.S.: SAN DIEGO, 89 MADRID;EJECUTADO;32;1
918223060233.1;P.S.: VILLA VALLECAS MERCAMADRI, 18 MADRID;EJECUTADO;31;14
918223060238.1;P.S.: GRAN VIA DEL SURESTE, 60 MADRID;REPROGRAMADO;31;21
918224070248.1;P.S.: CARVAJALES, 1 MADRID;REPROGRAMAR;30;1
918224060097.1;P.S.: VICTORIA KENT, 9 MADRID;EJECUTADO;30;
918223030202.9;P.S.: SECO, 13 MADRID;PROGRAMADO;29;
918223030202.2;P.S.: SECO, 13 MADRID;EJECUTABLE;29;
918223030202.1;P.S.: SECO, 13 MADRID;REPROGRAMAR;29;
918224020397.1;P.S.: SIERRA DE ALQUIFE, 0012 MADRID;EJECUTADO;28;19
918224100273.1;P.S.: CERRO MILANO, 441 MADRID;REPROGRAMAR;27;2
918123110047.2;P.S.: CORTES, 13 MADRID;EJECUTABLE;27;
918123110047.1;P.S.: CORTES, 13 MADRID;REPROGRAMADO;27;
918224010167.9;P.S.: UZP0103 ENSANCHE VALLECAS, 513 MADRID;EJECUTABLE;27;2
918224010167.1;P.S.: UZP0103 ENSANCHE VALLECAS, 513 MADRID;PROGRAMADO;27;2
918224050175.1;P.S.: FERNANDO CHUECA GOITIA, 39 MADRID;EJECUTADO;26;5
918224090053.4;P.S.: PUERTA TOLEDO MERCAMADRID, 2 MADRID;EJECUTABLE;25;
918224060213.1;P.S.: CERRO MILANO, 441 MADRID;REPROGRAMADO;24;5
918224040193.1;P.S.: BARROS, 11 MADRID;REPROGRAMAR;24;4
918224100382.1;P.S.: PICO CEBOLLERA, 52 MADRID;PROGRAMADO;23;
918224080168.1;P.S.: EXTREMADURA, 93 MADRID;REPROGRAMAR;23;
918224050307.1;P.S.: VALDECULEBRAS, 85 MADRID;REPROGRAMAR;23;1
918224070188.1;P.S.: MAYORAZGO, 0 MADRID;EJECUTABLE;22;1
918224070217.1;P.S.: SERRANILLOS DEL VALLE, 31 MADRID;REPROGRAMAR;22;2
918224020210.1;P.S.: ESPERANZA GARCIA, 21 MADRID;EJECUTADO;22;1
918223100278.1;P.S.: TOMAS BRETON, 57 MADRID;REPROGRAMAR;22;7
918223120075.1;P.S.: CINCO MERCAMADRID, 2 MADRID;PROGRAMADO;21;3
918224050278.1;P.S.: JOSE DEL PINO, 0061 MADRID;REPROGRAMAR;20;7
918224050258.1;P.S.: PROV LOS BERROCALES 88, 3 MADRID;REPROGRAMAR;19;5
918224060088.1;P.S.: MONTIEL, 27 MADRID;REPROGRAMAR;19;
918224020056.1;P.S.: EMBAJADORES, 232 MADRID;EJECUTABLE;19;
918221110334.9;P.S.: EMBAJADORES, 232 MADRID;EJECUTABLE;19;5
918221110334.2;P.S.: EMBAJADORES, 232 MADRID;EJECUTABLE;19;5
918221110334.1;P.S.: EMBAJADORES, 232 MADRID;REPROGRAMADO;19;5
918224080107.1;P.S.: PICO CLAVERO, 6 MADRID;REPROGRAMAR;18;2
918223040015.2;P.S.: VILLAVERDE A VALLECAS, 260 MADRID;EJECUTABLE;18;15
918224040095.1;P.S.: ESPERANZA GARCIA, 7 MADRID;REPROGRAMAR;17;4
918223070010.1;P.S.: DEHESA VIEJA, 74 MADRID;PROGRAMADO;17;19
918224120038.1;P.S.: FRANCISCO DEL PINO, 0037 MADRID;REPROGRAMAR;16;
918223040369.1;P.S.: FERNANDEZ SHAW, 9 MADRID;REPROGRAMAR;16;3
918224100210.1;P.S.: LA GAVIA, 93 MADRID;REPROGRAMAR;15;
918224110444.1;P.S.: BARBARA DE BRAGANZA, 0009 MADRID;REPROGRAMAR;13;2
918223090050.2;P.S.: ILUSTRACION, 13 MADRID;EJECUTABLE;13;21
918223090050.1;P.S.: ILUSTRACION, 13 MADRID;PROGRAMADO;13;21
918222040071.9;P.S.: MIGUEL DELIBES, 46 MADRID;EJECUTABLE;13;11
918222040071.2;P.S.: MIGUEL DELIBES, 46 MADRID;EJECUTABLE;13;11
918222040071.1;P.S.: MIGUEL DELIBES, 46 MADRID;PROGRAMADO;13;11
918224060235.1;P.S.: PAYASO FOFO, 7 MADRID;REPROGRAMAR;11;5
918223060046.1;P.S.: UNO MERCAMADRID, 2 MADRID;REPROGRAMAR;11;14
918224060328.1;P.S.: CERRO MILANO, 415 MADRID;PROGRAMADO;10;8
918224090322.1;P.S.: BARCO SINAIA, 21 MADRID;REPROGRAMAR;8;2
918224090191.9;P.S.: CERRO DEL CAMPO, 11 MADRID;EJECUTABLE;8;
918223020326.2;P.S.: ILUSION, 12 MADRID;PROGRAMADO;7;15
918224080008.1;P.S.: PUERTA DE MOROS, 0008 MADRID;EJECUTADO;5;
918223110238.1;P.F.: SAN MARIO, 81 MADRID;EJECUTADO;4;7
918223110165.1;P.F.: MORATALAZ, 91 MADRID;EJECUTADO;4;9
918224040012.1;P.F.: SANCHEZ BARCAIZTEGUI, 36 MADRID;REPROGRAMADO;3;5
918224060069.1;P.S.: COCHERON DE LA VILLA, 15 MADRID;REPROGRAMAR;1;1
918222040175.1;P.S.: POLIDEPORTIVO, 3 MADRID;EJECUTADO;1;5
918222080101.1;P.S.: SIERRA ARLA, 5 MADRID;REPROGRAMAR;1;2
918225010049.9;P.S.: BARCO, 0008 MADRID;PEND.INST.PART;0;
918225010030.9;P.S.: ALCAZABA, 1 MADRID;PEND.INST.PART;0;
918225010016.9;P.S.: HACIENDA DE PAVONES, 0300 MADRID;PEND.INST.PART;0;
918224120330.9;P.S.: EUGENIO SELLES, 4 MADRID;PEND.INST.PART;0;
918224120315.9;P.S.: BAILEN, 0033 MADRID;PEND.INST.PART;0;1
918224120105.9;P.S.: LADERA DE LOS ALMENDROS, 9999 MADRID;PEND.INST.PART;0;
918224110147.1;RET.: ENTREVÍAS, 138 MADRID;NO PROGRAMABLE;0;1
918224100368.1;RET.: STA RAFAELA M SGD CORAZON, 3 MADRID;NO PROGRAMABLE;0;1
918224100178.1;P.S.: VALDECULEBRAS, 33 MADRID;PEND.INST.PART;0;1
918224100051.1;P.S.: DELICIAS, 82 MADRID;PEND.INST.PART;0;1
918224080117.1;P.S.: JOSE ESCOBAR Y SALIENTE, 80 MADRID;PEND.INST.PART;0;1
918224050127.1;RET.: MIR, 6 MADRID;NO PROGRAMABLE;0;2
918224030129.1;RET.: LOPEZ GRAS, 46 MADRID;NO PROGRAMABLE;0;
918224020465.1;P.S.: VALERIA, 7 MADRID;PEND.INST.PART;0;9
918223110337.1;P.S.: JOSE GUTIERREZ MAROTO, 10 MADRID;PEND.INST.PART;0;2
918222030424.1;P.S.: MEZQUITA, 0 MADRID;PEND.INST.PART;0;
918220050115.1;P.S.: UZP0204 LOS BERROCALES, 29 MADRID;PEND.INST.PART;0;2
918224120147.1;P.S.: MONTE IGUELDO, 109 MADRID;PEND.INST.PART;0;3
918224120137.1;P.S.: MANUEL NOGUEIRO, 3 MADRID;PEND.INST.PART;0;
918224120045.1;P.S.: ESCALA, 19 MADRID;PEND.INST.PART;0;
918224120044.1;P.S.: PONT DE MOLINS, 11 MADRID;PEND.INST.PART;0;
918224120043.1;P.S.: ESCALA, 8 MADRID;PEND.INST.PART;0;
918224110188.1;P.S.: PUERTO DE CANFRANC, 7 MADRID;PEND.INST.PART;0;
918224110156.1;P.S.: CAÑADA DEL SANTISIMO, MADRID;PEND.INST.PART;0;1
918224100397.1;P.S.: ESMALTINA, 14 MADRID;STOP;0;2
918224110072.1;RET.: PLATINO, 56 MADRID;REPROGRAMAR;0;1
918224110006.1;RET.: GODELLA, 1 MADRID;REPROGRAMAR;0;
918224100303.1;RET.: ALMONACID, 32 MADRID;REPROGRAMAR;0;
918224100252.1;P.S.: FUENCARRAL, 6 MADRID;PEND.INST.PART;0;
918224090249.1;P.S.: CERRO DEL TESORO, 90 MADRID;NO PROGRAMABLE;0;3
918224110294.1;P.S.: PUENTELARRA, 0014 MADRID;PEND.INST.PART;0;
918224100389.1;P.S.: CALCIO, 4 MADRID;PEND.INST.PART;0;
918224100329.1;RET.: HACIENDA DE PAVONES, 96 MADRID;PROGRAMADO;0;1
918224100161.1;P.S.: GRAN VIA DEL SURESTE, 36 MADRID;PEND.INST.PART;0;
918224090345.1;P.S.: RICARDO GOIZUETA, 25 MADRID;PROGRAMADO;0;1
918224090340.1;P.S.: CERRO DEL MURMULLO, 63 MADRID;PEND.INST.PART;0;2
918224090086.1;RET.: PABLO NERUDA, 62 MADRID;REPROGRAMAR;0;
918224060271.1;P.S.: CERRO DE LA PLATA, 3 MADRID;PEND.INST.PART;0;1
918224060255.1;P.S.: FERENC PUSKAS, 219 MADRID;PEND.INST.PART;0;5
918224050334.1;RET.: ENCOMIENDA, 13 MADRID;REPROGRAMAR;0;2
918224050064.1;P.S.: CASTRILLO DE AZA, 13 MADRID;PEND.INST.PART;0;10
918224020261.1;P.S.: VILLALCON, 2 MADRID;PEND.INST.PART;0;6
918223050047.1;P.S.: MENDEZ ALVARO, 47 MADRID;PEND.INST.PART;0;4
918224110151.1;P.S.: PROV LOS BERROCALES 75, 31 MADRID;PEND.INST.PART;0;1
918224110122.1;P.S.: ABADA, 6 MADRID;PEND.INST.PART;0;
918224100239.1;P.S.: LUIS DE HOYOS SAINZ, 51 MADRID;PEND.INST.PART;0;
918224100056.1;RET.: GRAN VIA DEL ESTE, 80 MADRID;NO PROGRAMABLE;0;
918224070005.1;P.S.: CAVANILLES, 58 MADRID;PEND.INST.PART;0;12
918224030324.1;P.S.: ILUSION, 22 MADRID;PEND.INST.PART;0;3
918224100402.1;RET.: ENCOMIENDA DE PALACIOS, 318 MADRID;PROGRAMADO;0;
918224100393.1;RET.: ENCOMIENDA DE PALACIOS, 242 MADRID;REPROGRAMAR;0;
918224100265.1;RET.: ENCOMIENDA DE PALACIOS, 148 MADRID;REPROGRAMAR;0;
918224100194.1;P.S.: PROV AHIJONES-BERROCALES2, 176 MADRID;PEND.INST.PART;0;1
918224090399.1;P.S.: PROV LOS BERROCALES 68, 25 MADRID;PEND.INST.PART;0;
918224090318.1;RET.: BENALAURIA, 3 MADRID;REPROGRAMAR;0;1
918224090256.1;RET.: MODESTO ALONSO, 3 MADRID;REPROGRAMAR;0;
918224060022.1;P.S.: ALCALDE PEDRO ESCARBASSIE, 9 MADRID;PEND.INST.PART;0;
918224050192.1;P.S.: PROV LOS BERROCALES 67, 39 MADRID;PEND.INST.PART;0;2
918224100325.1;P.S.: EL REAL DE SAN VICENTE, 21 MADRID;PEND.INST.PART;0;4
918224100267.1;RET.: ALCALA, 284 MADRID;EJECUTABLE;0;1
918224100206.1;P.S.: CORDEL DE PAVONES, 2 MADRID;STOP;0;
918224100149.1;P.S.: LOS CAVILAS, 22 MADRID;PEND.INST.PART;0;
918224100142.1;RET.: GALLO, 14 MADRID;REPROGRAMAR;0;
918224100040.1;RET.: JUANELO, 14 MADRID;EJECUTADO;0;
918224090415.1;P.S.: POZO DEL TIO RAIMUNDO, 11 MADRID;PEND.INST.PART;0;4
918224090173.1;P.S.: LAS SANTERAS, 51 MADRID;PEND.INST.PART;0;
918224090056.1;P.S.: SIERRA DE LA DEMANDA, 63 MADRID;NO PROGRAMABLE;0;5
918224020408.1;RET.: MOLINO DE VIENTO, 6 MADRID;REPROGRAMAR;0;3
918124040563.1;RET.: ALMIRANTE, 9 MADRID;REPROGRAMAR;0;1
918224100171.1;P.S.: DEMOCRACIA, 9 MADRID;REPROGRAMAR;0;3
918224090462.1;RET.: PARROCO DON EMILIO FRANCO, 59 MADRID;REPROGRAMAR;0;
918224090352.1;RET.: SAN CLAUDIO, 101 MADRID;REPROGRAMAR;0;
918224040402.1;P.S.: GRAN VIA DEL SURESTE, 39 MADRID;PEND.INST.PART;0;3
918224020250.1;P.S.: UZP0103 ENSANCHE VALLECAS, 2129 MADRID;PEND.INST.PART;0;6
918224100116.1;P.S.: GALLEGOS, 76 MADRID;PEND.INST.PART;0;
918224100043.1;P.S.: PUERTO ALTO, 31 MADRID;STOP;0;1
918224090326.1;P.S.: PROV LOS BERROCALES 71, 39 MADRID;NO PROGRAMABLE;0;2
918224090307.1;RET.: DUQUE DE SESTO, 34 MADRID;REPROGRAMAR;0;
918224090179.1;RET.: PLATINO, 54 MADRID;REPROGRAMAR;0;
918224090172.1;RET.: TOLEDO, 6 MADRID;REPROGRAMAR;0;
918224090170.1;P.S.: BRUNO ABUNDEZ, 19 MADRID;PEND.INST.PART;0;2
918224090088.1;RET.: ENCOMIENDA DE PALACIOS, 107 MADRID;EJECUTADO;0;
918224090052.1;RET.: SIERRA CONTRAVIESA, 61 MADRID;REPROGRAMAR;0;
918224090021.1;P.S.: UCEDA, 42 MADRID;STOP;0;1
918224090013.1;RET.: LOPEZ GRASS, 42 MADRID;REPROGRAMAR;0;
918224080255.1;P.S.: ARROYO DE LA BULERA, 16 MADRID;PEND.INST.PART;0;
918224080150.1;RET.: SAN CIPRIANO, 21 MADRID;EJECUTADO;0;
918222030217.1;P.S.: SAN CIPRIANO, 68 MADRID;PEND.INST.PART;0;
918221100285.1;P.S.: MARROQUINA, 71 MADRID;PEND.INST.PART;0;
918221100278.1;P.S.: PARQUE PALOMERAS BAJAS, 10 MADRID;PEND.INST.PART;0;
918224080160.1;RET.: ANTONIA MERCE, 1 MADRID;PROGRAMADO;0;11
918224080152.1;P.S.: GRAN VIA, 0052 MADRID;STOP;0;3
918224070251.1;P.S.: INDALECIO PRIETO, 2 MADRID;STOP;0;7
918224070044.1;P.S.: ANTONIO GADES, 84 MADRID;STOP;0;4
918224060055.1;RET.: SANTA CRUZ, 6 MADRID;REPROGRAMAR;0;
918224050338.1;P.S.: PROV LOS BERROCALES 71, 34 MADRID;STOP;0;5
918224050240.1;P.S.: FUENCARRAL, 0006 MADRID;PEND.INST.PART;0;4
918224040380.1;P.S.: TRES MERCAMADRID, 1 MADRID;PEND.INST.PART;0;
918224040060.1;RET.: PABLO CASAL, 6 MADRID;REPROGRAMAR;0;
918124070044.1;RET.: HUERTAS, 58 MADRID;REPROGRAMAR;0;1
918224080230.1;P.S.: GRAN VIA DEL SURESTE, 49 MADRID;PEND.INST.PART;0;1
918224070322.1;RET.: MENDEZ ALVARO, 55 MADRID;REPROGRAMAR;0;1
918224070303.1;P.S.: SIERRA MOLINA, 30 MADRID;PEND.INST.PART;0;
918224070186.1;RET.: SIERRA DE GUADALUPE, 6 MADRID;EJECUTADO;0;
918224060130.1;P.S.: LOS ROSALES, 17 MADRID;PEND.INST.PART;0;
918224050298.1;P.S.: PROV AHIJONES-BERROCALES5, 62 MADRID;PEND.INST.PART;0;3
918224050257.1;P.S.: PROV LOS BERROCALES 81, 10 MADRID;PEND.INST.PART;0;4
918224040441.1;P.S.: ALCALDE ANDRES MADRID DAV, 102 MADRID;PEND.INST.PART;0;8
918224040159.1;RET.: CIUDAD DE BARCELONA, 9 MADRID;REPROGRAMAR;0;2
918224040010.1;RET.: ALMONACID, 17 MADRID;REPROGRAMAR;0;
918224010132.1;P.S.: BRUNO ABUNDEZ, 0048 MADRID;STOP;0;6
918223070303.1;P.S.: UZP0202 LOS CERROS, 342 MADRID;PEND.INST.PART;0;2
918224080187.1;P.S.: CARMEN, 10 MADRID;PEND.INST.PART;0;
918224080092.1;P.S.: JAIME EL CONQUISTADOR, 2 MADRID;PROGRAMADO;0;2
918224070195.1;RET.: ARROYO FONTARRON, 187 MADRID;REPROGRAMAR;0;
918224020260.1;P.S.: EL REAL DE SAN VICENTE, 39 MADRID;PEND.INST.PART;0;5
918224010426.1;P.S.: CORDEL DE PAVONES, 52 MADRID;STOP;0;
918224060084.2;RET.: TORRES MIRANDA, 8 MADRID;NO PROGRAMABLE;0;4
918224060084.1;RET.: TORRES MIRANDA, 8 MADRID;NO PROGRAMABLE;0;4
918224050283.1;P.S.: UZP0103 ENSANCHE VALLECAS, 29 MADRID;STOP;0;2
918224070344.1;P.S.: DOCTOR SANCHEZ, 0041 MADRID;STOP;0;
918224070114.1;RET.: DEL MEDITERRANEO, 41 MADRID;REPROGRAMAR;0;2
918224070010.1;RET.: SIERRA DE LA SOLANA, 3 MADRID;PROGRAMADO;0;1
918224050363.1;P.S.: PERALES, 11 MADRID;EJECUTABLE;0;2
918224030252.1;P.S.: CASALARREINA, 26 MADRID;NO PROGRAMABLE;0;
918223100126.1;P.S.: LAS CAMAS, 1 MADRID;STOP;0;9
918222120456.1;P.S.: LUIS I, 37 MADRID;PEND.INST.PART;0;
918122090352.1;RET.: INFANTA ISABEL, 25 MADRID;PROGRAMADO;0;2
918224070146.1;P.S.: ARAMIS, 15 MADRID;PEND.INST.PART;0;1
918224060331.1;P.S.: PIROTECNIA, 83 MADRID;STOP;0;
918224060304.1;P.S.: SAN DIEGO, 45 MADRID;STOP;0;4
918224060051.1;P.S.: PIROTECNIA, 37 MADRID;PEND.INST.PART;0;
918224060020.1;P.S.: EL REAL DE SAN VICENTE, 27 MADRID;STOP;0;2
918224050316.1;RET.: SAN DIEGO, 23 MADRID;REPROGRAMADO;0;6
918224050026.1;P.S.: DUQUE DE RIVAS, 0002 MADRID;STOP;0;11
918224020252.1;RET.: PIRITA, 14 MADRID;REPROGRAMAR;0;
918224010110.1;P.S.: LUIS OCAÑA, 2 MADRID;PEND.INST.PART;0;4
918223100123.1;P.S.: TOLERANCIA, 4 MADRID;PEND.INST.PART;0;16
918224060100.1;P.S.: PATERNA, 55 MADRID;PEND.INST.PART;0;
918224060089.1;P.S.: SIERRA DE ALBARRACÍN, 2 MADRID;PEND.INST.PART;0;
918224050335.1;P.S.: PROV LOS BERROCALES 71, 33 MADRID;STOP;0;9
918224050210.1;P.S.: TELEFERICO DE LAS CANTERA, 14 MADRID;STOP;0;2
918224050199.1;P.S.: PROV AHIJONES-BERROCALES2, 218 MADRID;STOP;0;6
918224030400.1;RET.: CORRAL DE CANTOS, 19 MADRID;STOP;0;2
918223090141.1;RET.: SAN MOISES, 38 MADRID;STOP;0;2
918224060207.1;RET.: ILUSION, 12 MADRID;EJECUTADO;0;2
918224050322.1;P.S.: PEZ, 3 MADRID;PEND.INST.PART;0;8
918224050231.1;RET.: VIRGEN DEL PUERTO, 21 MADRID;REPROGRAMAR;0;2
918224050215.1;P.S.: MAYORAZGO, 2 MADRID;STOP;0;2
918224050074.1;P.S.: AURORA IGLESIAS, 13 MADRID;STOP;0;8
918224040215.1;P.S.: JUAN PORTAS, 33 MADRID;PEND.INST.PART;0;5
918224040196.1;RET.: FUNDICIONES, 6 MADRID;REPROGRAMAR;0;5
918224010403.1;P.S.: SABRINA, 10 MADRID;EJECUTADO;0;2
918223110274.1;RET.: HUERTA DEL CONVENTO, 16 MADRID;REPROGRAMAR;0;2
918224050336.1;P.S.: ARTILLEROS, 0006 MADRID;PEND.INST.PART;0;
918224050326.1;RET.: NAVAS DEL REY, 27 MADRID;REPROGRAMADO;0;5
918224050251.1;P.S.: VEINTINUEVE MERCAMADRID, 4 MADRID;NO PROGRAMABLE;0;2
918224010098.1;RET.: SAGASTA, 30 MADRID;REPROGRAMAR;0;
918224050136.1;P.S.: JARDIN DE LA DUQUESA, 0024 MADRID;NO PROGRAMABLE;0;1
918224050044.1;P.S.: PUERTO DE ARLABAN, 62 MADRID;STOP;0;2
918224040397.1;RET.: CALCIO, 1 MADRID;EJECUTADO;0;
918224040232.1;P.S.: PUENTE DEL ARZOBISPO, 42 MADRID;STOP;0;
918224030385.1;P.S.: A3, 0 MADRID;STOP;0;13
918224030297.1;P.S.: UZP0103 ENSANCHE VALLECAS, 39 MADRID;STOP;0;3
918224030098.1;P.S.: CAL, 15 MADRID;PEND.INST.PART;0;3
918224020394.1;RET.: LAGO BALATON, 6 MADRID;REPROGRAMAR;0;3
918224020317.1;P.S.: LAS SANTERAS, 00 MADRID;STOP;0;4
918224020237.1;RET.: UZP0203 LOS AHIJONES, 6007 MADRID;NO PROGRAMABLE;0;
918224010250.1;RET.: SAN ISIDRO LABRADOR, 5 MADRID;REPROGRAMAR;0;
918223070293.1;P.S.: CUARENTA Y CINCO MERCAMAD, 8 MADRID;PEND.INST.PART;0;16
918224040382.1;P.S.: SIERRA DE CONTRAVIESA, 0043 MADRID;STOP;0;2
918224040269.2;P.S.: PEDRAFITA DO CEBREIRO, 1 MADRID;PEND.INST.PART;0;2
918224040269.1;P.S.: PEDRAFITA DO CEBREIRO, 1 MADRID;PEND.INST.PART;0;2
918224040228.1;P.S.: CASTRILLO DE AZA, 9 MADRID;PEND.INST.PART;0;1
918224040227.1;P.S.: ZAZUAR, 15 MADRID;PEND.INST.PART;0;1
918224030398.1;P.S.: FUENTESPINA, 17 MADRID;STOP;0;1
918224030277.1;P.S.: ISLA DE LUZON, 13 MADRID;PEND.INST.PART;0;5
918224040394.1;P.S.: BOYER, 18 MADRID;PEND.INST.PART;0;4
918224040149.1;RET.: FUENCARRAL, 53 MADRID;REPROGRAMAR;0;10
918224040091.1;RET.: BENALMADENA, 3 MADRID;REPROGRAMAR;0;1
918223120313.1;P.F.: EL REAL DE SAN VICENTE, 7 MADRID;STOP;0;10
918224020181.1;P.S.: SECO, 3 MADRID;STOP;0;7
918223100222.1;P.S.: LA GAVIA, 55 MADRID;STOP;0;9
918223120146.1;P.S.: CARTAGENA DE INDIAS, 50 MADRID;PEND.INST.PART;0;4
918223110367.1;RET.: LOPEZ GRASS, 24 MADRID;EJECUTADO;0;
918224030157.1;P.S.: REAL, 40 MADRID;PEND.INST.PART;0;
918224030113.1;P.S.: REAL, 40 MADRID;PEND.INST.PART;0;
918224030090.1;P.S.: VELILLA, 0012 MADRID;PEND.INST.PART;0;1
918124030247.1;RET.: ALCALA, 39 MADRID;EJECUTADO;0;1
918224020356.1;P.S.: LOPEZ GRASS, 0029 MADRID;STOP;0;2
918224020192.1;P.S.: UZP0103 ENSANCHE VALLECAS, 270 MADRID;STOP;0;4
918222090006.2;P.S.: GRAN VIA, 54 MADRID;PEND.INST.PART;0;12
918222090006.1;P.S.: GRAN VIA, 54 MADRID;PEND.INST.PART;0;12
918224020187.1;RET.: LOPEZ GRASS, 21 MADRID;REPROGRAMAR;0;1
918224020299.1;P.S.: PEÑARANDA DE BRACAMONTE, 54 MADRID;STOP;0;1
918224020266.1;P.S.: SIERRA DE LA SOLANA, 3 MADRID;STOP;0;3
918223120106.1;P.S.: CEUSTA SANT VICENTE, 38 MADRID;PEND.INST.PART;0;1
918223060353.1;RET.: SANTA URSULA, 17 MADRID;REPROGRAMAR;0;3
918222110028.1;P.S.: CARMEN, 9470 MADRID;PEND.INST.PART;0;4
918222050376.1;RET.: UZP0301 VALDECARROS, 18 MADRID;STOP;0;
918223100223.1;P.S.: SIERRA DE LOS FILABRES, 51 MADRID;PEND.INST.PART;0;1
918223090206.1;P.S.: LA SALMEDINA, 141 MADRID;STOP;0;9
918223110222.1;RET.: PINAZO, 7 MADRID;EJECUTADO;0;7
918223090178.1;P.S.: SIERRA DE PALOMERAS, 32 MADRID;NO PROGRAMABLE;0;8
918124010263.1;P.S.: ESPALTER, 8 MADRID;STOP;0;5
918224010389.1;P.S.: IGNACIO SANTOS VIÑUELAS, 18 MADRID;STOP;0;6
918224010212.1;P.S.: JARDIN DE LA DUQUESA, 0024 MADRID;STOP;0;2
918224010020.1;P.S.: CAVA ALTA, 36 MADRID;STOP;0;8
918223110411.1;P.S.: FRANCISCO GRANDE COVIAN, 170 MADRID;STOP;0;
918223110409.1;P.S.: GUADALCANAL, 30 MADRID;STOP;0;4
918223100081.1;P.S.: UZP0203 LOS AHIJONES, 6011 MADRID;PEND.INST.PART;0;
918223080312.1;P.S.: GRAN VIA, 3 MADRID;PEND.INST.PART;0;3
918223060046.4;P.S.: UNO MERCAMADRID, 2 MADRID;STOP;0;14
918223050033.2;P.S.: PLANETARIO, 6 MADRID;STOP;0;4
918223050033.9;P.S.: PLANETARIO, 6 MADRID;STOP;0;4
918223050033.1;P.S.: PLANETARIO, 6 MADRID;STOP;0;4
918222110133.2;P.S.: YESERIAS, 6 MADRID;STOP;0;24
918222110133.1;P.S.: YESERIAS, 6 MADRID;STOP;0;24
918223110096.1;P.S.: TOMAS BRETON, 57 MADRID;STOP;0;3
918223110278.1;P.S.: FERROCARRIL DEL TAJUÑA, 10 MADRID;STOP;0;4
918223110135.1;P.S.: LARRA, 0009 MADRID;STOP;0;1
918223110332.1;P.S.: PEDRAFITA DO CEBREIRO, 1 MADRID;STOP;0;2
918223090325.1;P.S.: JULIAN DEL CERRO, 6 MADRID;PEND.INST.PART;0;
918223080177.1;P.S.: COMUNIDADES, 28 MADRID;PEND.INST.PART;0;4
918223060125.1;RET.: EFIGENIA, 13 MADRID;STOP;0;12
918223110179.1;RET.: BENIMAMET, 54 MADRID;REPROGRAMAR;0;3
918223110010.1;P.S.: VILLABLANCA, 34 MADRID;PEND.INST.PART;0;1
918223100217.1;P.S.: ABTAO, 48 MADRID;STOP;0;4
918223090047.1;P.S.: VILLABLANCA, 34 MADRID;PEND.INST.PART;0;1
918223060032.1;RET.: ALMONACID, 15 MADRID;REPROGRAMADO;0;6
918223010198.3;P.S.: DEMOCRACIA, 62 MADRID;PEND.INST.PART;0;3
918223010198.1;P.S.: DEMOCRACIA, 62 MADRID;PEND.INST.PART;0;3
918223110060.4;P.S.: ANDALUCES, 7 MADRID;PEND.INST.PART;0;5
918223100116.1;RET.: CORDEL DE PAVONES, 40 MADRID;REPROGRAMAR;0;1
918223070170.1;RET.: ARROYO FONTARRON, 333 MADRID;REPROGRAMAR;0;2
918223020629.1;P.S.: PEÑA RUBIA, 4 MADRID;STOP;0;2
918122010441.9;P.S.: DESAMPARADOS, 15 MADRID;PEND.INST.PART;0;6
918122010441.2;P.S.: DESAMPARADOS, 15 MADRID;PEND.INST.PART;0;6
918122010441.1;P.S.: DESAMPARADOS, 15 MADRID;PEND.INST.PART;0;6
918223090355.4;P.S.: PUERTO DE ARLABAN, 75 MADRID;STOP;0;5
918223090354.1;P.S.: CRISTO DE LA GUIA, 9 MADRID;STOP;0;
918223080301.1;P.S.: CALATRAVA, 0 MADRID;PEND.INST.PART;0;
918223080298.1;P.S.: MAYOR, 0 MADRID;PEND.INST.PART;0;1
918223080297.1;P.S.: DE LA MADERA, 0 MADRID;PEND.INST.PART;0;
918223080296.1;P.S.: SAN MIGUEL, 0 MADRID;PEND.INST.PART;0;
918223080115.1;P.S.: SANZ RASO, 25 MADRID;PEND.INST.PART;0;2
918223040207.1;P.S.: FILOSOFA SIMONE WEIL, 10 MADRID;PEND.INST.PART;0;1
918222060364.1;P.S.: PRECIADOS, 28 MADRID;PEND.INST.PART;0;2
918223100214.1;P.S.: ANTONIO LOPEZ, 191 MADRID;PEND.INST.PART;0;
918223100155.1;P.S.: SAN VICENTE, 0030 MADRID;STOP;0;10
918223080309.1;P.S.: JOSE GUTIERREZ MAROTO, 10 MADRID;STOP;0;1
918223080152.1;P.S.: VILLA VALLECAS MERCAMADRI, 20 MADRID;STOP;0;6
918223090283.1;P.S.: ARTE CONCEPTUAL, 39 MADRID;STOP;0;1
918223070118.1;RET.: PRECIADOS, 28 MADRID;REPROGRAMAR;0;2
918222100464.1;P.S.: CASA DE TILLY, 33 MADRID;PEND.INST.PART;0;18
918223080302.1;RET.: SECO, 13 MADRID;REPROGRAMAR;0;
918123050102.1;P.S.: FELIPE IV, 0 MADRID;STOP;0;1
918123020488.1;RET.: MORATIN, 8 MADRID;REPROGRAMAR;0;7
918221110283.9;P.S.: VILLABLANCA, 50 MADRID;PEND.INST.PART;0;2
918221110283.2;P.S.: VILLABLANCA, 50 MADRID;PEND.INST.PART;0;2
918221110283.1;P.S.: VILLABLANCA, 50 MADRID;PEND.INST.PART;0;2
918223080195.1;P.S.: ALBUFERA, 0060 MADRID;STOP;0;
918223070352.1;P.S.: CAMINO DE LOS VINATEROS, 0047 MADRID;PEND.INST.PART;0;
918222060366.9;P.S.: PRECIADOS, 28 MADRID;PEND.INST.PART;0;4
918222060366.1;P.S.: PRECIADOS, 28 MADRID;PEND.INST.PART;0;4
918222030215.1;P.S.: ARROYO DE LA MEDIA LEGUA, 58 MADRID;STOP;0;5
918221100279.1;P.S.: SAN CLAUDIO, 154 MADRID;STOP;0;3
918123030480.1;P.S.: REINA CRISTINA, 24 MADRID;STOP;0;4
918223010127.1;P.S.: MEDITERRANEO, 0 MADRID;NO PROGRAMABLE;0;5
918223070233.2;P.S.: CELENQUE, 0001 MADRID;STOP;0;5
918223070127.1;P.S.: ABTAO, 25 MADRID;PEND.INST.PART;0;
918223050366.1;RET.: SAN CLAUDIO, 107 MADRID;REPROGRAMAR;0;1
918222090368.1;RET.: DOCTOR ESQUERDO, 130 MADRID;REPROGRAMADO;0;
918222030371.1;P.S.: CORREGIDOR LICENCIADO ANTO 0 MADRID;STOP;0;
918223050314.9;P.S.: ATOCHA, 121 MADRID;PEND.INST.PART;0;2
918223050314.2;P.S.: ATOCHA, 121 MADRID;PEND.INST.PART;0;2
918223050314.1;P.S.: ATOCHA, 121 MADRID;PEND.INST.PART;0;2
918223060292.1;RET.: PICO ARTILLEROS, 105 MADRID;REPROGRAMAR;0;7
918223050363.1;RET.: PUERTO DE CANENCIA, 15 MADRID;REPROGRAMADO;0;
918223050360.1;RET.: MARIA BOSCH, 8 MADRID;REPROGRAMAR;0;2
918223030166.9;P.S.: MENDEZ ALVARO, 36 MADRID;STOP;0;
918223030166.2;P.S.: MENDEZ ALVARO, 36 MADRID;STOP;0;
918223030166.1;P.S.: MENDEZ ALVARO, 36 MADRID;STOP;0;
918223060061.1;RET.: SIERRA DE TORNAVACAS, 17 MADRID;REPROGRAMAR;0;1
918223050350.1;RET.: ENCOMIENDA DE PALACIOS, 222 MADRID;REPROGRAMADO;0;3
918220090217.1;RET.: ALAMEDILLA, 25 MADRID;REPROGRAMAR;0;1
918221100305.2;P.S.: CORDEL DE PAVONES, 48 MADRID;STOP;0;6
918223050219.1;P.S.: DEL TEJO, 0 MADRID;PEND.INST.PART;0;
918223050193.1;P.S.: BUENOS AIRES, 0 MADRID;STOP;0;
918223050130.1;RET.: ENCOMIENDA DE PALACIOS, 215 MADRID;STOP;0;
918223040064.9;P.S.: HULLA, 00 MADRID;STOP;0;7
918222090511.1;P.S.: PALOS DE LA FRONTERA, 40 MADRID;STOP;0;23
918222030078.9;P.S.: ANTONIO LOPEZ, 193 MADRID;PEND.INST.PART;0;1
918222030078.2;P.S.: ANTONIO LOPEZ, 193 MADRID;PEND.INST.PART;0;1
918222030078.1;P.S.: ANTONIO LOPEZ, 193 MADRID;REPROGRAMADO;0;1
918223040310.4;P.S.: MALDONADAS, 9 MADRID;STOP;0;8
918223020326.3;P.S.: ILUSION, 12 MADRID;STOP;0;15
918222120219.2;P.S.: DEMOCRACIA, 21 MADRID;PEND.INST.PART;0;2
918222120219.1;P.S.: DEMOCRACIA, 21 MADRID;PEND.INST.PART;0;2
918123050260.1;P.S.: TORRE DE DON MIGUEL, 0021 MADRID;STOP;0;13
918223040288.1;P.S.: JULIA SOLA, 4 MADRID;PEND.INST.PART;0;
918223040230.1;P.S.: VALDELASIERRA, 7 MADRID;PEND.INST.PART;0;
918223040229.1;P.S.: JUAN DE VERA, 15 MADRID;PEND.INST.PART;0;
918223040228.1;P.S.: RAMÍREZ DE PRADO, 2 MADRID;PEND.INST.PART;0;
918223040213.1;P.S.: DE ARGANDA, 200 MADRID;PEND.INST.PART;0;
918221110238.1;P.S.: UZP0202 LOS CERROS, 354 MADRID;PEND.INST.PART;0;3
918223030300.1;P.S.: UZP0103 ENSANCHE VALLECAS, 8 MADRID;PEND.INST.PART;0;
918223020669.1;P.S.: TELLEZ, 30 MADRID;PEND.INST.PART;0;6
918223020601.1;P.S.: CIUDAD DE BARCELONA, 162 MADRID;PEND.INST.PART;0;4
918223040070.1;P.S.: DON PEDRO, 0004 MADRID;STOP;0;3
918223020393.1;P.S.: ARROYO FONTARRON, 26 MADRID;STOP;0;2
918222070415.1;P.S.: FORJAS, 21 MADRID;PEND.INST.PART;0;6
918122040226.2;P.S.: DESAMPARADOS, 15 MADRID;PEND.INST.PART;0;1
918122040226.1;P.S.: DESAMPARADOS, 15 MADRID;PEND.INST.PART;0;1
918223030264.1;P.S.: LA GRANJA SAN ILDEFONSO, 31 MADRID;STOP;0;8
918223030031.1;P.S.: DE LA CIUDAD DE PLASENCIA, 0 MADRID;PEND.INST.PART;0;1
918222100440.1;P.S.: SAN CIPRIANO, 0 MADRID;PEND.INST.PART;0;1
918223010115.1;P.S.: CARMEN, 10 MADRID;PEND.INST.PART;0;2
918223020555.1;P.S.: ALBUFERA, 0022 MADRID;STOP;0;
918222020337.1;P.F.: LOS ROSALES, 155 MADRID;STOP;0;14
918223010105.1;P.S.: MAESTRO VITORIA, 8 MADRID;PEND.INST.PART;0;2
918222120366.1;P.S.: VICALVARO A SANTA EUGENIA, 1600 MADRID;PEND.INST.PART;0;
918222090343.1;RET.: YESERIAS, 6 MADRID;REPROGRAMAR;0;
918223010355.1;P.S.: PUERTO DE MAGDALENA, 9 MADRID;STOP;0;11
918223010292.1;P.S.: MENDEZ ALVARO, 58 MADRID;STOP;0;1
918223010223.1;P.S.: ORELLANA, 1 MADRID;PEND.INST.PART;0;1
918222110538.1;P.S.: CARRETAS, 9 MADRID;PEND.INST.PART;0;1
918122110286.1;P.S.: DESAMPARADOS, 15 MADRID;STOP;0;
918222120304.1;P.S.: ROSARIO, 6 MADRID;PEND.INST.PART;0;1
918222020501.1;RET.: UZP0203 LOS AHIJONES, 6001 MADRID;NO PROGRAMABLE;0;2
918223010154.1;P.S.: SAN ISIDRO LABRADOR, 20 MADRID;STOP;0;1
918222100124.1;P.S.: PRINCESA, 23 MADRID;STOP;0;46
918222010127.2;P.S.: UZP0204 LOS BERROCALES, 1029 MADRID;STOP;0;1
918222010127.1;P.S.: UZP0204 LOS BERROCALES, 1029 MADRID;REPROGRAMADO;0;1
918222110143.1;P.S.: MINERVA, 17 MADRID;PEND.INST.PART;0;
918221070204.9;P.S.: ILUSION, 41 MADRID;PEND.INST.PART;0;3
918221070204.2;P.S.: ILUSION, 41 MADRID;PEND.INST.PART;0;3
918221070204.1;P.S.: ILUSION, 41 MADRID;PEND.INST.PART;0;3
918221060013.1;P.S.: ENRIQUE URQUIJO, 91 MADRID;PEND.INST.PART;0;5
918221050151.1;P.S.: ENRIQUE URQUIJO, 81 MADRID;PEND.INST.PART;0;6
918221040344.9;P.S.: ARROYO DEL CAÑAVERAL, 75 MADRID;STOP;0;5
918221040344.1;P.S.: ARROYO DEL CAÑAVERAL, 75 MADRID;STOP;0;5
918222090394.1;P.S.: ANDALUCIA, 00 MADRID;STOP;0;1
918222040025.1;P.F.: SAN FELIU DE GUIXOLS, 11 MADRID;NO PROGRAMABLE;0;3
918222070438.1;P.S.: MARIA TERESA LEON, 14 MADRID;STOP;0;12
918222070107.1;P.S.: CERRO MILANO, 437 MADRID;STOP;0;6
918222060468.1;P.S.: PUERTO DE BALBARÁN, 0 MADRID;STOP;0;
918222030510.1;RET.: LAGO MICHIGAN, 3 MADRID;PROGRAMADO;0;4
918222030187.1;P.S.: SANTA EUGENIA, 0002 MADRID;STOP;0;5
918221010385.1;P.S.: MENDEZ ALVARO, 640 MADRID;STOP;0;
918222030443.1;P.S.: , MADRID;PEND.INST.PART;0;9
918222030436.1;P.S.: ESPAÑA, 18 MADRID;PEND.INST.PART;0;8
918221050394.1;P.S.: MADRID A RIVAS JARAMA, 24 MADRID;STOP;0;6
918222050038.1;RET.: ANTONIO LOPEZ, 245 MADRID;REPROGRAMAR;0;5
918221070273.1;RET.: UZP0202 LOS CERROS, 3701 MADRID;NO PROGRAMABLE;0;1
918222050192.1;P.S.: BENIFERRI, 0041 MADRID;PEND.INST.PART;0;4
918222010424.2;P.S.: VILLAVERDE A VALLECAS, 3500 MADRID;STOP;0;9
918222010424.1;P.S.: VILLAVERDE A VALLECAS, 3500 MADRID;STOP;0;9
918220110204.1;P.S.: ANCORA, 0037 MADRID;STOP;0;1
918222030479.1;P.S.: FRANCISCO IGLESIAS, 55 MADRID;PEND.INST.PART;0;
918222030442.1;P.S.: SAXOFON, 75 MADRID;STOP;0;14
918222030441.1;P.S.: SANTA JULIA, 46 MADRID;STOP;0;
918221110399.1;P.S.: CERRO MILANO, 541 MADRID;STOP;0;3
918221040172.1;P.S.: UZP0301 VALDECARROS, 13 MADRID;PEND.INST.PART;0;1
918120080284.1;P.S.: LEALTAD, 4 MADRID;STOP;0;9
918222030061.1;P.S.: JUAN DE URBIETA, 0009 MADRID;PEND.INST.PART;0;
918221070082.1;P.S.: CARIDAD, 28 MADRID;PEND.INST.PART;0;
918221070021.1;P.S.: ALBUFERA, 319 MADRID;STOP;0;11
918221030102.1;P.S.: LOS ROSALES, MADRID;STOP;0;1
918221100039.2;P.S.: PUERTO ALTO, 22 MADRID;EJECUTADO;0;6
918221060357.1;P.S.: DE MORATALAZ, 21 MADRID;STOP;0;10
918221090135.1;P.S.: EVARISTO SAN MIGUEL, 13 MADRID;STOP;0;13
918221090134.9;P.S.: EVARISTO SAN MIGUEL, 13 MADRID;STOP;0;17
918221050367.1;RET.: PRINCESA, 13 MADRID;REPROGRAMAR;0;15
918221030030.1;RET.: RODAS, 10 MADRID;REPROGRAMAR;0;11
918221070062.1;P.S.: BUENOS AIRES, 17 MADRID;PEND.INST.PART;0;1
918221060070.1;P.S.: MARIA BOSCH, 16 MADRID;STOP;0;3
918221010330.4;P.S.: POZO DEL TIO RAIMUNDO, 0007 MADRID;PEND.INST.PART;0;1
918221030163.2;P.S.: PIRITA, 37 MADRID;STOP;0;4
918220090330.1;RET.: ENTREARROYOS, 10 MADRID;REPROGRAMAR;0;1
918220110428.1;P.S.: EMBAJADORES, 232 MADRID;STOP;0;5
918220110383.1;RET.: CACERES, 7 MADRID;REPROGRAMAR;0;
918220070331.1;P.S.: UZP0103 ENSANCHE VALLECAS, 4 MADRID;PEND.INST.PART;0;
918220030047.1;P.S.: CIUDAD DE BARCELONA, 2 MADRID;STOP;0;7
918221020087.2;P.S.: CONCEPCION JERONIMA, 33 MADRID;STOP;0;9
918221020150.1;RET.: RECOLETOS, 27 MADRID;EJECUTADO;0;
918120100182.1;P.S.: LEALTAD, 0 MADRID;STOP;0;2
918220070617.9;P.S.: EXTREMADURA, 95 MADRID;STOP;0;14
918220090204.1;RET.: DESENGAÑO, 1 MADRID;REPROGRAMAR;0;1
918220080096.1;P.S.: NOVECENTO, 6 MADRID;STOP;0;
918220080095.1;P.S.: IBROS, 3 MADRID;STOP;0;1
918220050280.1;P.S.: UZP0204 LOS BERROCALES, 29 MADRID;STOP;0;
918220050112.1;P.S.: MONTE IGUELDO, 108 MADRID;STOP;0;
918220030088.1;P.S.: VICALVARO A COSLADA, 48 MADRID;STOP;0;
418419110055.2;P.S.: JUAN CARREÑO DE MIRANDA, 14 MADRID;STOP;0;4
418519100316.1;P.S.: CL CANDILEJAS, MADRID;STOP;0;
418419090227.1;P.S.: UZP0203 LOS AHIJONES, 22 MADRID;PEND.INST.PART;0;
418519080021.1;P.S.: ISABEL MENDEZ, 29 MADRID;STOP;0;
418419070273.1;RET.: PRECIADOS, 28 MADRID;NO PROGRAMABLE;0;1
418519070217.1;P.S.: SIERRA DE MEIRA, 32 MADRID;PEND.INST.PART;0;
418419070274.1;P.S.: CARRETAS, 10 MADRID;STOP;0;
418519060328.1;RET.: SIERRA DE GREDOS, 9 MADRID;STOP;0;
418519060107.1;RET.: SUR, 207 MADRID;REPROGRAMAR;0;
418419050175.1;P.S.: INFANTAS, 4 MADRID;STOP;0;
418519050095.1;P.S.: RAFAEL DE RIEGO, 26 MADRID;PEND.INST.PART;0;
418519040391.9;P.S.: GUADARRAMA, 13 MADRID;PEND.INST.PART;0;1
418419030050.1;P.S.: CANTERAS DE TILLI, 1 MADRID;STOP;0;
418519030001.9;P.S.: PUERTO DE ARLABAN, 119 MADRID;STOP;0;
418519030001.1;P.S.: PUERTO DE ARLABAN, 119 MADRID;STOP;0;
418418120122.1;P.S.: MARROQUINA, 0010 MADRID;STOP;0;
418418100073.1;RET.: MARROQUINA, 34 MADRID;REPROGRAMAR;0;1
418518080058.1;P.S.: PUERTO DE CANFRANC, 3 MADRID;PEND.INST.PART;0;
418418030139.1;RET.: VALDERRIBAS, 19 MADRID;REPROGRAMAR;0;1
418518010088.1;P.S.: CAÑADA DEL SANTISIMO, 45 MADRID;STOP;0;
418418010194.1;RET.: PICO ARTILLEROS, 55 MADRID;REPROGRAMAR;0;
418117070363.1;RET.: RAMON CALABUIG, 41 MADRID;REPROGRAMAR;0;
418117020499.9;P.S.: PRECIADOS, 10 MADRID;PEND.INST.PART;0;
418117020499.1;P.S.: PRECIADOS, 10 MADRID;PEND.INST.PART;0;
418116080269.1;P.S.: REINA CRISTINA, 2 MADRID;PEND.INST.PART;0;
418114110121.9;P.S.: ARROYO FONTARRON, 0111 MADRID;PEND.INST.PART;0;
418114110054.9;P.S.: PICO ARTILLEROS, 0061 MADRID;PEND.INST.PART;0;
418114110054.1;P.S.: PICO ARTILLEROS, 0061 MADRID;PEND.INST.PART;0;
418114050091.9;P.S.: ALBUFERA, 0000 MADRID;PEND.INST.PART;0;
